{
  "$schema": "https://schema.management.azure.com/schemas/2015-01-01/deploymentTemplate.json#",
  "contentVersion": "1.0.0.0",
  "parameters": {
    "IRkey": {
      "type": "string"
    },
    "virtualMachineName": {
      "type": "string"
    },
    "existingVnetLocation": {
      "type": "string"
    },
    "scriptUrl": {
      "type": "string"
    }
  },
  "variables": {},
  "resources": [
    {
      "type": "Microsoft.Compute/virtualMachines/extensions",
      "name": "[concat(parameters('virtualMachineName'), '/' ,parameters('virtualMachineName'), 'installGW')]",
      "apiVersion": "2017-03-30",
      "location": "[parameters('existingVnetLocation')]",
      "tags": {
        "vmname": "[parameters('virtualMachineName')]"
      },
      "properties": {
        "publisher": "Microsoft.Compute",
        "type": "CustomScriptExtension",
        "typeHandlerVersion": "1.7",
        "autoUpgradeMinorVersion": true,
        "settings": {
          "fileUris": [
            "[parameters('scriptURL')]"
          ]
        },
        "protectedSettings": {
          "commandToExecute": "[concat('powershell.exe -ExecutionPolicy Unrestricted -File gatewayInstall.ps1 ', parameters('IRkey'))]"
        }
      }
    }
  ]
}
