{
  "$schema": "https://schema.management.azure.com/schemas/2015-01-01/deploymentTemplate.json#",
  "contentVersion": "1.0.0.0",
  "parameters": {
    "existingDataFactoryName": {
      "type": "string"
    },
    "IntegrationRuntimeName": {
      "type": "string"
    }
  },
  "variables": {},
  "resources": [
    {
      "type": "Microsoft.DataFactory/dataFactories/gateways",
      "apiVersion": "2015-10-01",
      "name": "[concat(parameters('existingDataFactoryName'), '/', parameters('IntegrationRuntimeName'))]",
      "properties": {
        "multiNodeSupportEnabled": true,
        "description": "my integration runtime"
      }
    }
  ],
  "outputs": {
    "IRkey": {
      "type": "string",
      "value": "[listAuthKeys(resourceId('Microsoft.DataFactory/dataFactories/gateways', parameters('existingDataFactoryName'), parameters('IntegrationRuntimeName')), '2015-10-01').key1]"
    }
  }
}
