{
  "$schema": "https://schema.management.azure.com/schemas/2015-01-01/deploymentTemplate.json#",
  "contentVersion": "1.0.0.0",
  "parameters": {
    "existingDataFactoryName": {
      "type": "string"
    },
    "IntegrationRuntimeName": {
      "type": "string"
    }
  },
  "variables": {},
  "resources": [
    {
      "type": "Microsoft.DataFactory/factories/integrationruntimes",
      "apiVersion": "2017-09-01-preview",
      "name": "[concat(parameters('existingDataFactoryName'), '/', parameters('IntegrationRuntimeName'))]",
      "properties": {
        "type": "SelfHosted",
        "description": "Self-hosted Integration runtime created using ARM template"
      }
    }
  ],
  "outputs": {
    "IRkey": {
      "type": "string",
      "value": "[listAuthKeys(resourceId('Microsoft.DataFactory/factories/integrationruntimes', parameters('existingDataFactoryName'), parameters('IntegrationRuntimeName')), '2017-09-01-preview').authKey1]"
    }
  }
}
